id,Level1,Level2,Level3,Level4,Level5,Level6,Level7
0,-73.000000,-57.000000,-69.000000,-75.000000,nan,nan,nan
1,-77.000000,-65.000000,-69.000000,-69.000000,-73.000000,-73.000000,nan
2,-77.000000,-65.000000,-69.000000,-69.000000,-73.000000,-73.000000,nan
3,-77.000000,-61.000000,-65.000000,-67.000000,-73.000000,-81.000000,nan
4,-77.000000,-61.000000,-65.000000,-67.000000,-73.000000,-81.000000,nan
5,-77.000000,-55.000000,-69.000000,-71.000000,-71.000000,-83.000000,nan
6,-77.000000,-55.000000,-69.000000,-71.000000,-71.000000,-83.000000,nan
7,-79.000000,-53.000000,-71.000000,-71.000000,-75.000000,-85.000000,nan
8,-79.000000,-53.000000,-71.000000,-71.000000,-75.000000,-85.000000,nan
9,-79.000000,-59.000000,-67.000000,-71.000000,-73.000000,-85.000000,nan
10,-79.000000,-59.000000,-67.000000,-71.000000,-73.000000,-85.000000,nan
11,-81.000000,-61.000000,-71.000000,-71.000000,-77.000000,-83.000000,nan
12,-81.000000,-61.000000,-71.000000,-71.000000,-77.000000,-83.000000,nan
13,-77.000000,-61.000000,-67.000000,-71.000000,-77.000000,-79.000000,nan
14,-77.000000,-61.000000,-67.000000,-71.000000,-77.000000,-79.000000,nan
15,-77.000000,-61.000000,-67.000000,-71.000000,-77.000000,-79.000000,nan
16,-77.000000,-61.000000,-67.000000,-71.000000,-77.000000,-79.000000,nan
17,-77.000000,-61.000000,-67.000000,-71.000000,-77.000000,-79.000000,nan
18,-77.000000,-61.000000,-67.000000,-71.000000,-77.000000,-79.000000,nan
19,-73.000000,-59.000000,-63.000000,-73.000000,-73.000000,-73.000000,nan
20,-73.000000,-59.000000,-63.000000,-73.000000,-73.000000,-73.000000,nan
21,-73.000000,-59.000000,-63.000000,-73.000000,-73.000000,-73.000000,nan
22,-73.000000,-59.000000,-63.000000,-73.000000,-73.000000,-73.000000,nan
23,-73.000000,-59.000000,-63.000000,-73.000000,-73.000000,-73.000000,nan
24,-73.000000,-55.000000,-65.000000,-67.000000,-69.000000,-79.000000,nan
25,-73.000000,-55.000000,-65.000000,-67.000000,-69.000000,-79.000000,nan
26,-73.000000,-55.000000,-65.000000,-67.000000,-69.000000,-79.000000,nan
27,-73.000000,-55.000000,-65.000000,-67.000000,-69.000000,-79.000000,nan
28,-75.000000,-49.000000,-57.000000,-65.000000,-67.000000,-79.000000,nan
29,-75.000000,-49.000000,-57.000000,-65.000000,-67.000000,-79.000000,nan
30,-75.000000,-49.000000,-57.000000,-65.000000,-67.000000,-79.000000,nan
31,-75.000000,-49.000000,-57.000000,-65.000000,-67.000000,-79.000000,nan
32,-75.000000,-53.000000,-57.000000,-67.000000,-67.000000,-77.000000,nan
33,-75.000000,-53.000000,-57.000000,-67.000000,-67.000000,-77.000000,nan
34,-75.000000,-53.000000,-57.000000,-67.000000,-67.000000,-77.000000,nan
35,-77.000000,-57.000000,-59.000000,-67.000000,-67.000000,nan,nan
36,-77.000000,-57.000000,-59.000000,-67.000000,-67.000000,nan,nan
37,-77.000000,-57.000000,-59.000000,-67.000000,-67.000000,nan,nan
38,-67.000000,-57.000000,-59.000000,-67.000000,-67.000000,nan,nan
39,-67.000000,-57.000000,-59.000000,-67.000000,-67.000000,nan,nan
40,-67.000000,-57.000000,-59.000000,-67.000000,-67.000000,nan,nan
41,-71.000000,-57.000000,-59.000000,-67.000000,-67.000000,nan,nan
42,-71.000000,-57.000000,-63.000000,-67.000000,-71.000000,-83.000000,nan
43,-71.000000,-57.000000,-63.000000,-67.000000,-71.000000,-83.000000,nan
44,-71.000000,-57.000000,-63.000000,-67.000000,-71.000000,-83.000000,nan
45,-71.000000,-61.000000,-65.000000,-69.000000,-75.000000,-85.000000,nan
46,-71.000000,-61.000000,-65.000000,-69.000000,-75.000000,-85.000000,nan
47,-73.000000,-55.000000,-67.000000,-73.000000,-79.000000,-81.000000,nan
48,-73.000000,-55.000000,-67.000000,-73.000000,-79.000000,-81.000000,nan
49,-77.000000,-55.000000,-67.000000,-73.000000,-79.000000,-81.000000,nan
50,-77.000000,-65.000000,-75.000000,-79.000000,-79.000000,-79.000000,nan
51,-77.000000,-65.000000,-75.000000,-79.000000,-79.000000,-79.000000,nan
52,-75.000000,-65.000000,-75.000000,-79.000000,-79.000000,-79.000000,nan
53,-83.000000,-43.000000,-75.000000,-75.000000,-79.000000,-87.000000,nan
54,-83.000000,-43.000000,-75.000000,-75.000000,-79.000000,-87.000000,nan
55,-85.000000,-39.000000,-67.000000,-75.000000,-77.000000,-87.000000,-95.000000
56,-87.000000,-39.000000,-67.000000,-71.000000,-73.000000,-77.000000,nan
57,-87.000000,-39.000000,-67.000000,-71.000000,-73.000000,-77.000000,nan
58,-89.000000,-45.000000,-65.000000,-67.000000,-71.000000,-73.000000,nan
59,-89.000000,-45.000000,-65.000000,-67.000000,-71.000000,-73.000000,nan
60,-83.000000,-45.000000,-63.000000,-65.000000,-65.000000,-67.000000,nan
61,-83.000000,-45.000000,-63.000000,-65.000000,-65.000000,-67.000000,nan
62,-83.000000,-47.000000,-65.000000,-65.000000,-67.000000,-69.000000,nan
63,-83.000000,-47.000000,-65.000000,-65.000000,-67.000000,-69.000000,nan
64,-85.000000,-49.000000,-61.000000,-65.000000,-69.000000,-71.000000,nan
65,-85.000000,-49.000000,-61.000000,-65.000000,-69.000000,-71.000000,nan
66,-79.000000,-45.000000,-55.000000,-67.000000,-69.000000,-71.000000,nan
67,-79.000000,-45.000000,-55.000000,-67.000000,-69.000000,-71.000000,nan
68,-83.000000,-45.000000,-55.000000,-67.000000,-69.000000,-71.000000,nan
69,-83.000000,-47.000000,-57.000000,-67.000000,-71.000000,-71.000000,nan
70,-83.000000,-47.000000,-57.000000,-67.000000,-71.000000,-71.000000,nan
71,-89.000000,21511.000000,-73.000000,nan,nan,nan,nan
72,-89.000000,21511.000000,-73.000000,nan,nan,nan,nan
73,-89.000000,21511.000000,-73.000000,nan,nan,nan,nan
74,-89.000000,21511.000000,-73.000000,nan,nan,nan,nan
75,-89.000000,21511.000000,-73.000000,nan,nan,nan,nan
76,-97.000000,5957.000000,-31.000000,nan,nan,nan,nan
77,-99.000000,5957.000000,-31.000000,nan,nan,nan,nan
78,-99.000000,5957.000000,-31.000000,nan,nan,nan,nan
79,-101.000000,5957.000000,-31.000000,nan,nan,nan,nan
80,-101.000000,5957.000000,-31.000000,-89.000000,nan,nan,nan
81,-101.000000,5957.000000,-31.000000,-89.000000,nan,nan,nan
82,-103.000000,5957.000000,-31.000000,nan,nan,nan,nan
83,-101.000000,5957.000000,-31.000000,nan,nan,nan,nan
84,-103.000000,5957.000000,-47.000000,-91.000000,nan,nan,nan
85,-103.000000,5957.000000,-47.000000,-85.000000,nan,nan,nan
86,-105.000000,5957.000000,-47.000000,-81.000000,nan,nan,nan
87,-105.000000,5957.000000,-47.000000,-81.000000,nan,nan,nan
88,-105.000000,5957.000000,-47.000000,-75.000000,nan,nan,nan
89,-95.000000,5957.000000,75.000000,-31.000000,-95.000000,nan,nan
90,-95.000000,5957.000000,75.000000,-31.000000,-95.000000,nan,nan
91,-99.000000,5957.000000,75.000000,-31.000000,-95.000000,nan,nan
92,-99.000000,5957.000000,75.000000,-31.000000,-103.000000,nan,nan
93,-103.000000,5957.000000,75.000000,-31.000000,-103.000000,nan,nan
94,-103.000000,5957.000000,75.000000,-31.000000,-99.000000,nan,nan
95,-103.000000,5957.000000,75.000000,-31.000000,-99.000000,nan,nan
96,-105.000000,5957.000000,75.000000,-31.000000,-97.000000,nan,nan
97,-105.000000,5957.000000,-31.000000,-85.000000,nan,nan,nan
98,-97.000000,5957.000000,-31.000000,-85.000000,nan,nan,nan
99,-99.000000,5957.000000,75.000000,-47.000000,-79.000000,nan,nan
100,-101.000000,5957.000000,-47.000000,-83.000000,nan,nan,nan
101,-103.000000,5957.000000,-47.000000,-79.000000,nan,nan,nan
102,-103.000000,5957.000000,-47.000000,-79.000000,nan,nan,nan
103,-105.000000,5957.000000,-47.000000,-77.000000,nan,nan,nan
104,-105.000000,5957.000000,-47.000000,-77.000000,nan,nan,nan
105,-99.000000,5957.000000,-31.000000,-101.000000,nan,nan,nan
106,-95.000000,5957.000000,-31.000000,-103.000000,nan,nan,nan
107,-97.000000,5957.000000,-31.000000,-101.000000,nan,nan,nan
108,-101.000000,5957.000000,-31.000000,-103.000000,nan,nan,nan
109,-101.000000,5957.000000,75.000000,-31.000000,-105.000000,nan,nan
110,-101.000000,5957.000000,75.000000,-31.000000,-93.000000,nan,nan
111,-101.000000,5957.000000,75.000000,-31.000000,-93.000000,nan,nan
112,-97.000000,5957.000000,-31.000000,-93.000000,nan,nan,nan
113,-99.000000,5957.000000,-31.000000,-95.000000,nan,nan,nan
114,-101.000000,5957.000000,-31.000000,-95.000000,nan,nan,nan
115,-101.000000,5957.000000,-31.000000,nan,nan,nan,nan
116,-101.000000,5957.000000,-31.000000,nan,nan,nan,nan
117,-99.000000,5957.000000,-31.000000,nan,nan,nan,nan
118,-99.000000,5957.000000,-31.000000,-95.000000,nan,nan,nan
119,-99.000000,5957.000000,-31.000000,-95.000000,nan,nan,nan
120,-101.000000,5957.000000,-31.000000,-95.000000,nan,nan,nan
121,-101.000000,5957.000000,-31.000000,-93.000000,nan,nan,nan
122,-101.000000,5957.000000,-31.000000,-99.000000,nan,nan,nan
123,-101.000000,5957.000000,-31.000000,-93.000000,nan,nan,nan
124,-99.000000,5957.000000,-31.000000,-93.000000,nan,nan,nan
125,-99.000000,5957.000000,-31.000000,-93.000000,nan,nan,nan
126,-97.000000,5957.000000,-31.000000,-95.000000,nan,nan,nan
127,-97.000000,5957.000000,-31.000000,-95.000000,nan,nan,nan
128,-95.000000,5957.000000,-31.000000,-83.000000,nan,nan,nan
129,-97.000000,5957.000000,-31.000000,-91.000000,nan,nan,nan
130,-97.000000,5957.000000,-31.000000,-91.000000,nan,nan,nan
131,-99.000000,5957.000000,-31.000000,-85.000000,nan,nan,nan
132,-105.000000,5957.000000,129.000000,-75.000000,nan,nan,nan
133,-105.000000,5957.000000,129.000000,-75.000000,nan,nan,nan
134,-107.000000,5957.000000,129.000000,-89.000000,nan,nan,nan
135,-101.000000,21511.000000,5957.000000,241.000000,129.000000,-99.000000,nan
136,-103.000000,21511.000000,5957.000000,241.000000,129.000000,-99.000000,nan
137,-103.000000,21511.000000,5957.000000,241.000000,129.000000,-99.000000,nan
138,-105.000000,21511.000000,5957.000000,241.000000,129.000000,-101.000000,nan
139,-105.000000,5957.000000,-31.000000,nan,nan,nan,nan
140,-107.000000,5957.000000,-47.000000,nan,nan,nan,nan
141,-113.000000,5957.000000,-47.000000,nan,nan,nan,nan
142,-113.000000,5957.000000,-47.000000,nan,nan,nan,nan
143,-111.000000,5957.000000,-47.000000,nan,nan,nan,nan
144,-111.000000,5957.000000,-47.000000,nan,nan,nan,nan
145,-111.000000,5957.000000,-47.000000,nan,nan,nan,nan
146,-109.000000,5957.000000,-47.000000,nan,nan,nan,nan
147,-109.000000,5957.000000,-47.000000,nan,nan,nan,nan
148,-109.000000,-47.000000,nan,nan,nan,nan,nan
149,-113.000000,-47.000000,nan,nan,nan,nan,nan
150,-113.000000,-47.000000,nan,nan,nan,nan,nan
151,-113.000000,-47.000000,nan,nan,nan,nan,nan
152,-113.000000,-47.000000,nan,nan,nan,nan,nan
153,-113.000000,-31.000000,nan,nan,nan,nan,nan
154,-113.000000,-31.000000,nan,nan,nan,nan,nan
155,-107.000000,21461.000000,-31.000000,nan,nan,nan,nan
156,-107.000000,-31.000000,nan,nan,nan,nan,nan
157,-109.000000,-31.000000,nan,nan,nan,nan,nan
158,-113.000000,-31.000000,nan,nan,nan,nan,nan
159,-111.000000,-31.000000,nan,nan,nan,nan,nan
160,-111.000000,21557.000000,303.000000,-113.000000,nan,nan,nan
161,-113.000000,-31.000000,nan,nan,nan,nan,nan
162,-113.000000,5957.000000,-47.000000,nan,nan,nan,nan
163,-113.000000,5957.000000,-47.000000,nan,nan,nan,nan
164,-113.000000,-31.000000,nan,nan,nan,nan,nan
165,-113.000000,-47.000000,nan,nan,nan,nan,nan
166,-113.000000,-47.000000,nan,nan,nan,nan,nan
167,-113.000000,-47.000000,nan,nan,nan,nan,nan
168,-113.000000,-47.000000,nan,nan,nan,nan,nan
169,-113.000000,-47.000000,nan,nan,nan,nan,nan
170,-109.000000,5957.000000,-31.000000,nan,nan,nan,nan
171,-109.000000,5957.000000,-31.000000,nan,nan,nan,nan
172,-113.000000,-31.000000,nan,nan,nan,nan,nan
173,-109.000000,21557.000000,129.000000,-113.000000,nan,nan,nan
174,-109.000000,21557.000000,129.000000,-113.000000,nan,nan,nan
175,-111.000000,-47.000000,nan,nan,nan,nan,nan
176,-111.000000,-47.000000,nan,nan,nan,nan,nan
177,-111.000000,-47.000000,nan,nan,nan,nan,nan
178,-109.000000,-47.000000,nan,nan,nan,nan,nan
179,-101.000000,-31.000000,nan,nan,nan,nan,nan
180,-101.000000,-31.000000,nan,nan,nan,nan,nan
181,-103.000000,-31.000000,nan,nan,nan,nan,nan
182,-103.000000,-31.000000,nan,nan,nan,nan,nan
183,-103.000000,21511.000000,-31.000000,nan,nan,nan,nan
184,-105.000000,21511.000000,-31.000000,nan,nan,nan,nan
185,-107.000000,21511.000000,-31.000000,nan,nan,nan,nan
186,-107.000000,21511.000000,-31.000000,nan,nan,nan,nan
187,-107.000000,21511.000000,-31.000000,nan,nan,nan,nan
188,-107.000000,-31.000000,nan,nan,nan,nan,nan
189,-105.000000,-31.000000,nan,nan,nan,nan,nan
190,-105.000000,21557.000000,129.000000,-113.000000,nan,nan,nan
191,-107.000000,-31.000000,nan,nan,nan,nan,nan
192,-109.000000,5957.000000,-31.000000,nan,nan,nan,nan
193,-107.000000,5957.000000,-31.000000,nan,nan,nan,nan
194,-109.000000,-31.000000,nan,nan,nan,nan,nan
195,-109.000000,-31.000000,nan,nan,nan,nan,nan
196,-109.000000,-31.000000,nan,nan,nan,nan,nan
197,-109.000000,21461.000000,-31.000000,nan,nan,nan,nan
198,-113.000000,21461.000000,-31.000000,nan,nan,nan,nan
199,-113.000000,21461.000000,-31.000000,nan,nan,nan,nan
200,-113.000000,5957.000000,303.000000,-75.000000,nan,nan,nan
201,-111.000000,5957.000000,303.000000,-75.000000,nan,nan,nan
202,-111.000000,21461.000000,-31.000000,nan,nan,nan,nan
203,-111.000000,21461.000000,-31.000000,nan,nan,nan,nan
204,-113.000000,-31.000000,nan,nan,nan,nan,nan
205,-113.000000,-31.000000,nan,nan,nan,nan,nan
206,-113.000000,-31.000000,nan,nan,nan,nan,nan
207,-109.000000,21557.000000,303.000000,-31.000000,-113.000000,nan,nan
208,-107.000000,21557.000000,303.000000,-31.000000,-113.000000,nan,nan
209,-107.000000,21557.000000,303.000000,-31.000000,-111.000000,nan,nan
210,-107.000000,-31.000000,nan,nan,nan,nan,nan
211,-109.000000,-31.000000,nan,nan,nan,nan,nan
212,-109.000000,-47.000000,nan,nan,nan,nan,nan
213,-113.000000,21461.000000,-47.000000,nan,nan,nan,nan
214,-111.000000,21461.000000,-47.000000,nan,nan,nan,nan
215,-113.000000,-31.000000,nan,nan,nan,nan,nan
216,-113.000000,-31.000000,nan,nan,nan,nan,nan
217,-95.000000,-87.000000,nan,nan,nan,nan,nan
218,-95.000000,-87.000000,nan,nan,nan,nan,nan
219,-95.000000,-87.000000,nan,nan,nan,nan,nan
220,-97.000000,-87.000000,nan,nan,nan,nan,nan
221,-97.000000,-87.000000,nan,nan,nan,nan,nan
222,-97.000000,-87.000000,nan,nan,nan,nan,nan
223,-97.000000,-87.000000,nan,nan,nan,nan,nan
224,-97.000000,-87.000000,nan,nan,nan,nan,nan
225,-97.000000,-85.000000,nan,nan,nan,nan,nan
226,-97.000000,-85.000000,nan,nan,nan,nan,nan
227,-97.000000,-85.000000,-95.000000,nan,nan,nan,nan
228,-97.000000,-85.000000,-95.000000,nan,nan,nan,nan
229,-95.000000,-85.000000,-95.000000,nan,nan,nan,nan
230,-95.000000,-85.000000,-95.000000,nan,nan,nan,nan
231,-95.000000,-83.000000,-83.000000,nan,nan,nan,nan
232,-95.000000,-83.000000,-83.000000,nan,nan,nan,nan
233,-95.000000,-83.000000,-83.000000,nan,nan,nan,nan
234,-93.000000,-83.000000,-83.000000,nan,nan,nan,nan
235,-93.000000,-83.000000,-83.000000,nan,nan,nan,nan
236,-93.000000,-77.000000,-81.000000,-97.000000,nan,nan,nan
237,-93.000000,-77.000000,-81.000000,-97.000000,nan,nan,nan
238,-93.000000,-77.000000,-81.000000,-97.000000,nan,nan,nan
239,-93.000000,-77.000000,-81.000000,-81.000000,-93.000000,nan,nan
240,-93.000000,-77.000000,-81.000000,-81.000000,-93.000000,nan,nan
241,-95.000000,-77.000000,-81.000000,-83.000000,-93.000000,-93.000000,nan
242,-95.000000,-77.000000,-81.000000,-83.000000,-93.000000,-93.000000,nan
243,-95.000000,-79.000000,-81.000000,-83.000000,-91.000000,-93.000000,nan
244,-95.000000,-79.000000,-81.000000,-83.000000,-91.000000,-93.000000,nan
245,-95.000000,-79.000000,-81.000000,-83.000000,-91.000000,-93.000000,nan
246,-97.000000,-77.000000,-81.000000,-83.000000,-89.000000,nan,nan
247,-97.000000,-77.000000,-81.000000,-83.000000,-87.000000,-89.000000,nan
248,-97.000000,-77.000000,-81.000000,-83.000000,-87.000000,-87.000000,nan
249,-97.000000,-77.000000,-81.000000,-83.000000,-87.000000,-87.000000,nan
250,-97.000000,-77.000000,-81.000000,-83.000000,-87.000000,-87.000000,nan
251,-81.000000,-71.000000,-77.000000,-85.000000,-87.000000,-91.000000,nan
252,-105.000000,5957.000000,141.000000,-107.000000,nan,nan,nan
253,-99.000000,5957.000000,141.000000,-97.000000,nan,nan,nan
254,-97.000000,5957.000000,141.000000,-99.000000,nan,nan,nan
255,-99.000000,5957.000000,141.000000,-101.000000,nan,nan,nan
256,-99.000000,5957.000000,357.000000,141.000000,-103.000000,nan,nan
257,-99.000000,5957.000000,357.000000,141.000000,-103.000000,nan,nan
258,-99.000000,5957.000000,141.000000,-105.000000,nan,nan,nan
259,-103.000000,5957.000000,141.000000,-111.000000,nan,nan,nan
260,-113.000000,-97.000000,nan,nan,nan,nan,nan
261,-113.000000,-97.000000,nan,nan,nan,nan,nan
262,-113.000000,-97.000000,nan,nan,nan,nan,nan
263,-113.000000,-97.000000,nan,nan,nan,nan,nan
264,-113.000000,-97.000000,nan,nan,nan,nan,nan
265,-113.000000,-97.000000,nan,nan,nan,nan,nan
266,-97.000000,21557.000000,57.000000,-107.000000,nan,nan,nan
267,-97.000000,21511.000000,21511.000000,173.000000,47.000000,-81.000000,-81.000000
268,-97.000000,21511.000000,21511.000000,173.000000,47.000000,-81.000000,-81.000000
269,-99.000000,21511.000000,55.000000,17.000000,-83.000000,nan,nan
270,-99.000000,21557.000000,55.000000,-95.000000,nan,nan,nan
271,-97.000000,21511.000000,55.000000,-109.000000,nan,nan,nan
272,-97.000000,21511.000000,55.000000,-109.000000,nan,nan,nan
273,-103.000000,5957.000000,141.000000,-85.000000,nan,nan,nan
274,-103.000000,5957.000000,141.000000,-89.000000,nan,nan,nan
275,-105.000000,5957.000000,141.000000,-85.000000,nan,nan,nan
276,-97.000000,5957.000000,-31.000000,-97.000000,nan,nan,nan
277,-99.000000,5957.000000,-31.000000,-89.000000,nan,nan,nan
278,-101.000000,5957.000000,-31.000000,-87.000000,nan,nan,nan
279,-99.000000,21511.000000,5957.000000,-31.000000,-79.000000,-93.000000,-97.000000
280,-95.000000,5957.000000,-31.000000,-101.000000,nan,nan,nan
281,-99.000000,5957.000000,-31.000000,-111.000000,nan,nan,nan
282,-99.000000,5957.000000,-31.000000,-111.000000,nan,nan,nan
283,-101.000000,21511.000000,105.000000,-79.000000,-97.000000,nan,nan
284,-101.000000,21511.000000,105.000000,-79.000000,-97.000000,nan,nan
285,-105.000000,21511.000000,105.000000,-79.000000,-97.000000,nan,nan
286,-107.000000,21511.000000,105.000000,-79.000000,-97.000000,nan,nan
287,-107.000000,21511.000000,105.000000,-79.000000,-97.000000,nan,nan
288,-107.000000,21511.000000,105.000000,-79.000000,-97.000000,nan,nan
289,-107.000000,21511.000000,105.000000,-79.000000,-97.000000,nan,nan
290,-113.000000,21511.000000,105.000000,-79.000000,-97.000000,nan,nan
291,-89.000000,5957.000000,363.000000,105.000000,-109.000000,nan,nan
292,-111.000000,5957.000000,-97.000000,nan,nan,nan,nan
293,-111.000000,5957.000000,-97.000000,nan,nan,nan,nan
294,-97.000000,5957.000000,141.000000,-83.000000,nan,nan,nan
295,-97.000000,5957.000000,141.000000,-85.000000,nan,nan,nan
296,-113.000000,-97.000000,nan,nan,nan,nan,nan
297,-113.000000,-97.000000,nan,nan,nan,nan,nan
298,-61.000000,-61.000000,-65.000000,-65.000000,-69.000000,-69.000000,nan
299,-61.000000,-61.000000,-65.000000,-65.000000,-69.000000,-69.000000,nan
300,-61.000000,-61.000000,-65.000000,-65.000000,-69.000000,-69.000000,nan
301,-89.000000,21461.000000,-13.000000,-81.000000,nan,nan,nan
302,-95.000000,21461.000000,-13.000000,-85.000000,nan,nan,nan
303,-97.000000,21461.000000,-13.000000,-89.000000,nan,nan,nan
304,-95.000000,21461.000000,-13.000000,nan,nan,nan,nan
305,-97.000000,21511.000000,31.000000,-13.000000,-77.000000,nan,nan
306,-97.000000,21557.000000,21461.000000,241.000000,31.000000,-95.000000,nan
307,-99.000000,21557.000000,21461.000000,241.000000,31.000000,-95.000000,nan
308,-97.000000,21557.000000,21461.000000,241.000000,31.000000,-87.000000,nan
309,-93.000000,21557.000000,21461.000000,241.000000,31.000000,-89.000000,nan
310,-93.000000,21557.000000,21461.000000,241.000000,31.000000,-95.000000,nan
311,-93.000000,21557.000000,241.000000,-85.000000,nan,nan,nan
312,-93.000000,21557.000000,241.000000,-85.000000,nan,nan,nan
313,-93.000000,21557.000000,241.000000,-95.000000,nan,nan,nan
314,-95.000000,21557.000000,241.000000,-103.000000,nan,nan,nan
315,-93.000000,21557.000000,241.000000,-101.000000,nan,nan,nan
316,-87.000000,21557.000000,241.000000,-103.000000,nan,nan,nan
317,-99.000000,21557.000000,241.000000,-81.000000,nan,nan,nan
318,-103.000000,21557.000000,241.000000,-79.000000,nan,nan,nan
319,-107.000000,21557.000000,203.000000,-113.000000,nan,nan,nan
320,-101.000000,21557.000000,203.000000,-113.000000,nan,nan,nan
321,-99.000000,-11.000000,nan,nan,nan,nan,nan
322,-97.000000,21461.000000,179.000000,-113.000000,nan,nan,nan
323,-111.000000,-11.000000,nan,nan,nan,nan,nan
324,-111.000000,-11.000000,nan,nan,nan,nan,nan
325,-91.000000,-57.000000,nan,nan,nan,nan,nan
326,-93.000000,-57.000000,nan,nan,nan,nan,nan
327,-93.000000,-57.000000,nan,nan,nan,nan,nan
328,-97.000000,-57.000000,nan,nan,nan,nan,nan
329,-97.000000,-57.000000,nan,nan,nan,nan,nan
330,-93.000000,-57.000000,nan,nan,nan,nan,nan
331,-87.000000,-57.000000,nan,nan,nan,nan,nan
332,-87.000000,-57.000000,nan,nan,nan,nan,nan
333,-89.000000,-57.000000,nan,nan,nan,nan,nan
334,-99.000000,21511.000000,-13.000000,nan,nan,nan,nan
335,-97.000000,21511.000000,-57.000000,-95.000000,nan,nan,nan
336,-99.000000,-57.000000,nan,nan,nan,nan,nan
337,-95.000000,-57.000000,nan,nan,nan,nan,nan
338,-99.000000,-57.000000,nan,nan,nan,nan,nan
339,-101.000000,21511.000000,-57.000000,-83.000000,nan,nan,nan
340,-101.000000,21511.000000,-57.000000,-89.000000,nan,nan,nan
341,-101.000000,21511.000000,-57.000000,-89.000000,nan,nan,nan
342,-99.000000,21511.000000,-57.000000,-93.000000,nan,nan,nan
343,-95.000000,21511.000000,-57.000000,-93.000000,nan,nan,nan
344,-97.000000,21511.000000,-57.000000,-93.000000,nan,nan,nan
345,-99.000000,-57.000000,nan,nan,nan,nan,nan
346,-95.000000,-57.000000,nan,nan,nan,nan,nan
347,-99.000000,-57.000000,nan,nan,nan,nan,nan
348,-99.000000,-57.000000,nan,nan,nan,nan,nan
349,-97.000000,-11.000000,nan,nan,nan,nan,nan
350,-95.000000,-11.000000,nan,nan,nan,nan,nan
351,-93.000000,-11.000000,nan,nan,nan,nan,nan
352,-95.000000,-11.000000,nan,nan,nan,nan,nan
353,-95.000000,-11.000000,nan,nan,nan,nan,nan
354,-95.000000,-11.000000,nan,nan,nan,nan,nan
355,-95.000000,-11.000000,nan,nan,nan,nan,nan
356,-97.000000,-11.000000,nan,nan,nan,nan,nan
357,-97.000000,-11.000000,nan,nan,nan,nan,nan
358,-95.000000,-11.000000,nan,nan,nan,nan,nan
359,-97.000000,21511.000000,-11.000000,nan,nan,nan,nan
360,-97.000000,21511.000000,-11.000000,nan,nan,nan,nan
361,-97.000000,21511.000000,-11.000000,nan,nan,nan,nan
362,-99.000000,21511.000000,-11.000000,nan,nan,nan,nan
363,-101.000000,21511.000000,-11.000000,nan,nan,nan,nan
364,-103.000000,21511.000000,-11.000000,nan,nan,nan,nan
365,-103.000000,21511.000000,-11.000000,nan,nan,nan,nan
366,-101.000000,21511.000000,-11.000000,nan,nan,nan,nan
367,-101.000000,21511.000000,-11.000000,nan,nan,nan,nan
368,-97.000000,21511.000000,-11.000000,nan,nan,nan,nan
369,-95.000000,21511.000000,-11.000000,nan,nan,nan,nan
370,-99.000000,21511.000000,-11.000000,nan,nan,nan,nan
371,-103.000000,21511.000000,-11.000000,nan,nan,nan,nan
372,-97.000000,21557.000000,203.000000,-83.000000,nan,nan,nan
373,-97.000000,21557.000000,203.000000,-97.000000,nan,nan,nan
374,-101.000000,21557.000000,203.000000,-85.000000,nan,nan,nan
375,-99.000000,-101.000000,nan,nan,nan,nan,nan
376,-99.000000,-101.000000,nan,nan,nan,nan,nan
377,-101.000000,-97.000000,nan,nan,nan,nan,nan
378,-101.000000,-97.000000,nan,nan,nan,nan,nan
379,-103.000000,-93.000000,nan,nan,nan,nan,nan
380,-103.000000,-93.000000,nan,nan,nan,nan,nan
381,-103.000000,-93.000000,nan,nan,nan,nan,nan
382,-99.000000,-91.000000,nan,nan,nan,nan,nan
383,-77.000000,-107.000000,nan,nan,nan,nan,nan
384,-77.000000,-101.000000,nan,nan,nan,nan,nan
385,-77.000000,-101.000000,nan,nan,nan,nan,nan
386,-77.000000,-101.000000,nan,nan,nan,nan,nan
387,-81.000000,-101.000000,nan,nan,nan,nan,nan
388,-81.000000,-101.000000,nan,nan,nan,nan,nan
389,-81.000000,-101.000000,nan,nan,nan,nan,nan
390,-83.000000,-97.000000,nan,nan,nan,nan,nan
391,-83.000000,-97.000000,nan,nan,nan,nan,nan
392,-81.000000,-97.000000,nan,nan,nan,nan,nan
393,-81.000000,-97.000000,nan,nan,nan,nan,nan
394,-81.000000,-89.000000,nan,nan,nan,nan,nan
395,-81.000000,-89.000000,nan,nan,nan,nan,nan
396,-81.000000,-89.000000,nan,nan,nan,nan,nan
397,-81.000000,-89.000000,nan,nan,nan,nan,nan
398,-81.000000,-89.000000,nan,nan,nan,nan,nan
399,-81.000000,-89.000000,nan,nan,nan,nan,nan
400,-77.000000,-81.000000,nan,nan,nan,nan,nan
401,-77.000000,-81.000000,nan,nan,nan,nan,nan
402,-77.000000,-81.000000,nan,nan,nan,nan,nan
403,-71.000000,-81.000000,nan,nan,nan,nan,nan
404,-71.000000,-81.000000,nan,nan,nan,nan,nan
405,-73.000000,-79.000000,nan,nan,nan,nan,nan
406,-73.000000,-79.000000,nan,nan,nan,nan,nan
407,-73.000000,-79.000000,nan,nan,nan,nan,nan
408,-75.000000,-79.000000,nan,nan,nan,nan,nan
409,-75.000000,-79.000000,nan,nan,nan,nan,nan
410,-79.000000,-79.000000,nan,nan,nan,nan,nan
411,-79.000000,-79.000000,nan,nan,nan,nan,nan
412,-83.000000,-79.000000,nan,nan,nan,nan,nan
413,-83.000000,-79.000000,nan,nan,nan,nan,nan
414,-83.000000,-79.000000,nan,nan,nan,nan,nan
415,-85.000000,-75.000000,nan,nan,nan,nan,nan
416,-85.000000,-75.000000,nan,nan,nan,nan,nan
417,-85.000000,-75.000000,nan,nan,nan,nan,nan
418,-85.000000,-75.000000,nan,nan,nan,nan,nan
419,-81.000000,-73.000000,nan,nan,nan,nan,nan
420,-81.000000,-73.000000,nan,nan,nan,nan,nan
421,-81.000000,-73.000000,nan,nan,nan,nan,nan
422,-83.000000,-73.000000,nan,nan,nan,nan,nan
423,-83.000000,-73.000000,nan,nan,nan,nan,nan
424,-83.000000,-73.000000,nan,nan,nan,nan,nan
425,-81.000000,-73.000000,nan,nan,nan,nan,nan
426,-81.000000,-73.000000,nan,nan,nan,nan,nan
427,-77.000000,-73.000000,nan,nan,nan,nan,nan
428,-77.000000,-73.000000,nan,nan,nan,nan,nan
429,-77.000000,-73.000000,nan,nan,nan,nan,nan
430,-79.000000,-69.000000,nan,nan,nan,nan,nan
431,-79.000000,-69.000000,nan,nan,nan,nan,nan
432,-79.000000,-69.000000,nan,nan,nan,nan,nan
433,-79.000000,-69.000000,nan,nan,nan,nan,nan
434,-79.000000,-69.000000,nan,nan,nan,nan,nan
435,-83.000000,-73.000000,nan,nan,nan,nan,nan
436,-83.000000,-73.000000,nan,nan,nan,nan,nan
437,-83.000000,-73.000000,nan,nan,nan,nan,nan
438,-87.000000,-73.000000,nan,nan,nan,nan,nan
439,-87.000000,-73.000000,nan,nan,nan,nan,nan
440,-91.000000,-77.000000,nan,nan,nan,nan,nan
441,-91.000000,-77.000000,nan,nan,nan,nan,nan
442,-91.000000,-77.000000,nan,nan,nan,nan,nan
443,-87.000000,-77.000000,nan,nan,nan,nan,nan
444,-87.000000,-77.000000,nan,nan,nan,nan,nan
445,-83.000000,-81.000000,nan,nan,nan,nan,nan
446,-83.000000,-81.000000,nan,nan,nan,nan,nan
447,-79.000000,-81.000000,nan,nan,nan,nan,nan
448,-79.000000,-81.000000,nan,nan,nan,nan,nan
449,-79.000000,-81.000000,nan,nan,nan,nan,nan
450,-79.000000,-81.000000,nan,nan,nan,nan,nan
451,-79.000000,-81.000000,nan,nan,nan,nan,nan
452,-77.000000,-83.000000,nan,nan,nan,nan,nan
453,-77.000000,-83.000000,nan,nan,nan,nan,nan
454,-77.000000,-83.000000,nan,nan,nan,nan,nan
455,-81.000000,-83.000000,nan,nan,nan,nan,nan
456,-81.000000,-83.000000,nan,nan,nan,nan,nan
457,-81.000000,-83.000000,nan,nan,nan,nan,nan
458,-83.000000,-89.000000,nan,nan,nan,nan,nan
459,-83.000000,-89.000000,nan,nan,nan,nan,nan
460,-83.000000,-89.000000,nan,nan,nan,nan,nan
461,-83.000000,-89.000000,nan,nan,nan,nan,nan
462,-83.000000,-89.000000,nan,nan,nan,nan,nan
463,-85.000000,-87.000000,nan,nan,nan,nan,nan
464,-85.000000,-87.000000,nan,nan,nan,nan,nan
465,-93.000000,-87.000000,nan,nan,nan,nan,nan
466,-93.000000,-87.000000,nan,nan,nan,nan,nan
467,-93.000000,-87.000000,nan,nan,nan,nan,nan
468,-97.000000,-91.000000,nan,nan,nan,nan,nan
469,-97.000000,-91.000000,nan,nan,nan,nan,nan
470,-97.000000,-91.000000,nan,nan,nan,nan,nan
471,-97.000000,-91.000000,nan,nan,nan,nan,nan
472,-83.000000,-85.000000,nan,nan,nan,nan,nan
473,-79.000000,-73.000000,nan,nan,nan,nan,nan
474,-75.000000,-65.000000,nan,nan,nan,nan,nan
475,-75.000000,-65.000000,nan,nan,nan,nan,nan
476,-75.000000,-65.000000,nan,nan,nan,nan,nan
477,-75.000000,-65.000000,nan,nan,nan,nan,nan
478,-73.000000,-53.000000,nan,nan,nan,nan,nan
479,-73.000000,-53.000000,nan,nan,nan,nan,nan
480,-73.000000,-53.000000,nan,nan,nan,nan,nan
481,-73.000000,-57.000000,nan,nan,nan,nan,nan
482,-73.000000,-57.000000,nan,nan,nan,nan,nan
483,-73.000000,-57.000000,nan,nan,nan,nan,nan
484,-71.000000,-57.000000,nan,nan,nan,nan,nan
485,-71.000000,-57.000000,nan,nan,nan,nan,nan
486,-71.000000,-57.000000,nan,nan,nan,nan,nan
487,-71.000000,-57.000000,nan,nan,nan,nan,nan
488,-71.000000,-57.000000,nan,nan,nan,nan,nan
489,-73.000000,-65.000000,nan,nan,nan,nan,nan
490,-73.000000,-65.000000,nan,nan,nan,nan,nan
491,-75.000000,-67.000000,nan,nan,nan,nan,nan
492,-75.000000,-67.000000,nan,nan,nan,nan,nan
493,-75.000000,-67.000000,nan,nan,nan,nan,nan
494,-75.000000,-73.000000,nan,nan,nan,nan,nan
495,-75.000000,-73.000000,nan,nan,nan,nan,nan
496,-75.000000,-73.000000,nan,nan,nan,nan,nan
497,-77.000000,-79.000000,nan,nan,nan,nan,nan
498,-77.000000,-79.000000,nan,nan,nan,nan,nan
499,-79.000000,-83.000000,nan,nan,nan,nan,nan
500,-79.000000,-83.000000,nan,nan,nan,nan,nan
501,-79.000000,-83.000000,nan,nan,nan,nan,nan
502,-81.000000,-87.000000,nan,nan,nan,nan,nan
503,-81.000000,-87.000000,nan,nan,nan,nan,nan
504,-81.000000,-87.000000,nan,nan,nan,nan,nan
505,-81.000000,-93.000000,nan,nan,nan,nan,nan
506,-81.000000,-93.000000,nan,nan,nan,nan,nan
507,-81.000000,-93.000000,nan,nan,nan,nan,nan
508,-81.000000,-95.000000,nan,nan,nan,nan,nan
509,-81.000000,-95.000000,nan,nan,nan,nan,nan
510,-81.000000,-97.000000,nan,nan,nan,nan,nan
511,-81.000000,-97.000000,nan,nan,nan,nan,nan
512,-81.000000,-97.000000,nan,nan,nan,nan,nan
513,-77.000000,-105.000000,nan,nan,nan,nan,nan
514,-77.000000,-105.000000,nan,nan,nan,nan,nan
515,-77.000000,-105.000000,nan,nan,nan,nan,nan
516,-77.000000,-109.000000,nan,nan,nan,nan,nan
517,-77.000000,-109.000000,nan,nan,nan,nan,nan
518,-91.000000,-79.000000,nan,nan,nan,nan,nan
519,-91.000000,-79.000000,nan,nan,nan,nan,nan
520,-97.000000,-73.000000,nan,nan,nan,nan,nan
521,-97.000000,-73.000000,-81.000000,nan,nan,nan,nan
522,-99.000000,-59.000000,-75.000000,nan,nan,nan,nan
523,-77.000000,-69.000000,nan,nan,nan,nan,nan
524,-71.000000,-33.000000,nan,nan,nan,nan,nan
525,-67.000000,-25.000000,-69.000000,nan,nan,nan,nan
526,-67.000000,-41.000000,-63.000000,nan,nan,nan,nan
527,-67.000000,-41.000000,-63.000000,nan,nan,nan,nan
528,-67.000000,-41.000000,-63.000000,nan,nan,nan,nan
529,-61.000000,-37.000000,-69.000000,-73.000000,nan,nan,nan
530,-61.000000,-37.000000,-69.000000,-73.000000,nan,nan,nan
531,-61.000000,-37.000000,-65.000000,-69.000000,nan,nan,nan
532,-61.000000,-37.000000,-61.000000,-65.000000,-69.000000,nan,nan
533,-63.000000,-37.000000,-63.000000,-63.000000,-69.000000,-73.000000,nan
534,-63.000000,-37.000000,-63.000000,-63.000000,-69.000000,-73.000000,nan
535,-63.000000,-37.000000,-63.000000,-63.000000,-69.000000,-73.000000,nan
536,-67.000000,-39.000000,-63.000000,-65.000000,-69.000000,-71.000000,nan
537,-67.000000,-39.000000,-63.000000,-65.000000,-69.000000,-71.000000,nan
538,-73.000000,-39.000000,-59.000000,-65.000000,-67.000000,-69.000000,nan
539,-73.000000,-39.000000,-59.000000,-65.000000,-67.000000,-69.000000,nan
540,-73.000000,-47.000000,-55.000000,-63.000000,-65.000000,-67.000000,nan
541,-73.000000,-47.000000,-55.000000,-63.000000,-65.000000,-67.000000,nan
542,-73.000000,-47.000000,-55.000000,-63.000000,-65.000000,-67.000000,nan
543,-77.000000,-47.000000,-57.000000,-63.000000,-65.000000,-67.000000,nan
544,-77.000000,-47.000000,-57.000000,-63.000000,-65.000000,-67.000000,nan
545,-81.000000,-55.000000,-57.000000,-57.000000,-63.000000,-63.000000,nan
546,-81.000000,-55.000000,-57.000000,-57.000000,-63.000000,-63.000000,nan
547,-81.000000,-55.000000,-57.000000,-57.000000,-63.000000,-63.000000,nan
548,-83.000000,-51.000000,-55.000000,-57.000000,-57.000000,-61.000000,nan
549,-83.000000,-51.000000,-55.000000,-57.000000,-57.000000,-61.000000,nan
550,-87.000000,-37.000000,-43.000000,-55.000000,-57.000000,-67.000000,nan
551,-87.000000,-37.000000,-43.000000,-55.000000,-57.000000,-67.000000,nan
552,-87.000000,-37.000000,-43.000000,-55.000000,-57.000000,-67.000000,nan
553,-91.000000,-33.000000,-37.000000,-49.000000,-51.000000,-63.000000,nan
554,-91.000000,-33.000000,-37.000000,-49.000000,-51.000000,-63.000000,nan
555,-93.000000,-25.000000,-33.000000,-45.000000,-49.000000,-67.000000,nan
556,-61.000000,-35.000000,-37.000000,-45.000000,-63.000000,nan,nan
557,-61.000000,-31.000000,-37.000000,nan,nan,nan,nan
558,-61.000000,-31.000000,-37.000000,-95.000000,nan,nan,nan
559,-63.000000,-31.000000,-37.000000,-85.000000,-95.000000,nan,nan
560,-63.000000,-31.000000,-37.000000,-71.000000,-85.000000,-95.000000,nan
561,-69.000000,-29.000000,-31.000000,-37.000000,-71.000000,nan,nan
562,-69.000000,-29.000000,-31.000000,-37.000000,-71.000000,nan,nan
563,-73.000000,-29.000000,-35.000000,-35.000000,-59.000000,nan,nan
564,-73.000000,-29.000000,-35.000000,-35.000000,-59.000000,nan,nan
565,-73.000000,-27.000000,-35.000000,-37.000000,-59.000000,-63.000000,nan
566,-73.000000,-27.000000,-35.000000,-37.000000,-59.000000,-63.000000,nan
567,-73.000000,-27.000000,-27.000000,-37.000000,-55.000000,-55.000000,nan
568,-73.000000,-27.000000,-27.000000,-37.000000,-55.000000,-55.000000,nan
569,-73.000000,-27.000000,-27.000000,-37.000000,-55.000000,-55.000000,nan
570,-77.000000,-23.000000,-31.000000,-39.000000,-45.000000,-51.000000,nan
571,-77.000000,-23.000000,-31.000000,-39.000000,-45.000000,-51.000000,nan
572,-79.000000,-23.000000,-31.000000,-31.000000,-39.000000,-39.000000,nan
573,-79.000000,-23.000000,-31.000000,-31.000000,-39.000000,-39.000000,nan
574,-71.000000,-25.000000,-31.000000,-31.000000,-39.000000,-55.000000,nan
575,-71.000000,-25.000000,-31.000000,-31.000000,-39.000000,-55.000000,nan
576,-79.000000,-29.000000,-29.000000,-31.000000,-39.000000,-55.000000,nan
577,-79.000000,-29.000000,-29.000000,-31.000000,-39.000000,-55.000000,nan
578,-85.000000,-27.000000,-29.000000,-31.000000,-41.000000,-57.000000,nan
579,-85.000000,-27.000000,-29.000000,-31.000000,-41.000000,-57.000000,nan
580,-85.000000,-25.000000,-33.000000,-37.000000,-41.000000,-57.000000,nan
581,-85.000000,-25.000000,-33.000000,-37.000000,-41.000000,-57.000000,nan
582,-73.000000,-79.000000,nan,nan,nan,nan,nan
583,-73.000000,-79.000000,nan,nan,nan,nan,nan
584,-71.000000,-77.000000,nan,nan,nan,nan,nan
585,-71.000000,-77.000000,nan,nan,nan,nan,nan
586,-73.000000,-55.000000,nan,nan,nan,nan,nan
587,-77.000000,-51.000000,nan,nan,nan,nan,nan
588,-77.000000,-55.000000,nan,nan,nan,nan,nan
589,-79.000000,-57.000000,nan,nan,nan,nan,nan
590,-79.000000,-51.000000,nan,nan,nan,nan,nan
591,-85.000000,-59.000000,nan,nan,nan,nan,nan
592,-87.000000,-55.000000,nan,nan,nan,nan,nan
593,-87.000000,-45.000000,nan,nan,nan,nan,nan
594,-95.000000,-45.000000,nan,nan,nan,nan,nan
595,-105.000000,-61.000000,nan,nan,nan,nan,nan
596,-107.000000,-55.000000,nan,nan,nan,nan,nan
597,-107.000000,-73.000000,nan,nan,nan,nan,nan
598,-107.000000,-51.000000,nan,nan,nan,nan,nan
599,-107.000000,-55.000000,nan,nan,nan,nan,nan
600,-85.000000,-107.000000,nan,nan,nan,nan,nan
601,-75.000000,-109.000000,nan,nan,nan,nan,nan
602,-81.000000,-109.000000,nan,nan,nan,nan,nan
603,-83.000000,-7.000000,nan,nan,nan,nan,nan
604,-77.000000,-7.000000,nan,nan,nan,nan,nan
605,-77.000000,-7.000000,nan,nan,nan,nan,nan
606,-77.000000,-7.000000,nan,nan,nan,nan,nan
607,-71.000000,-7.000000,nan,nan,nan,nan,nan
608,-73.000000,-7.000000,nan,nan,nan,nan,nan
609,-79.000000,-7.000000,nan,nan,nan,nan,nan
610,-81.000000,-7.000000,nan,nan,nan,nan,nan
611,-83.000000,-7.000000,nan,nan,nan,nan,nan
612,-81.000000,-7.000000,nan,nan,nan,nan,nan
613,-83.000000,-7.000000,nan,nan,nan,nan,nan
614,-81.000000,-7.000000,nan,nan,nan,nan,nan
615,-81.000000,-7.000000,nan,nan,nan,nan,nan
616,-85.000000,-7.000000,nan,nan,nan,nan,nan
617,-85.000000,-7.000000,nan,nan,nan,nan,nan
618,-81.000000,-7.000000,nan,nan,nan,nan,nan
619,-85.000000,-7.000000,nan,nan,nan,nan,nan
620,-79.000000,-7.000000,nan,nan,nan,nan,nan
621,-81.000000,-7.000000,nan,nan,nan,nan,nan
622,-83.000000,-7.000000,nan,nan,nan,nan,nan
623,-81.000000,-7.000000,nan,nan,nan,nan,nan
624,-83.000000,-7.000000,nan,nan,nan,nan,nan
625,-85.000000,-7.000000,nan,nan,nan,nan,nan
626,-83.000000,-7.000000,nan,nan,nan,nan,nan
627,-83.000000,-7.000000,nan,nan,nan,nan,nan
628,-83.000000,-7.000000,nan,nan,nan,nan,nan
629,-97.000000,-7.000000,nan,nan,nan,nan,nan
630,-99.000000,-7.000000,nan,nan,nan,nan,nan
631,-101.000000,-7.000000,nan,nan,nan,nan,nan
632,-111.000000,-63.000000,nan,nan,nan,nan,nan
633,-109.000000,-63.000000,nan,nan,nan,nan,nan
634,-109.000000,-63.000000,nan,nan,nan,nan,nan
635,-111.000000,-63.000000,nan,nan,nan,nan,nan
636,-113.000000,-63.000000,nan,nan,nan,nan,nan
637,-113.000000,-63.000000,nan,nan,nan,nan,nan
638,-81.000000,-85.000000,nan,nan,nan,nan,nan
639,-81.000000,-85.000000,nan,nan,nan,nan,nan
640,-81.000000,-85.000000,nan,nan,nan,nan,nan
641,-95.000000,-79.000000,nan,nan,nan,nan,nan
642,-95.000000,-79.000000,nan,nan,nan,nan,nan
643,-95.000000,-79.000000,nan,nan,nan,nan,nan
644,-101.000000,-79.000000,nan,nan,nan,nan,nan
645,-101.000000,-79.000000,nan,nan,nan,nan,nan
646,-101.000000,-71.000000,nan,nan,nan,nan,nan
647,-101.000000,-71.000000,nan,nan,nan,nan,nan
648,-81.000000,-107.000000,nan,nan,nan,nan,nan
649,-73.000000,-107.000000,nan,nan,nan,nan,nan
650,-73.000000,-107.000000,nan,nan,nan,nan,nan
651,-73.000000,-107.000000,nan,nan,nan,nan,nan
652,-91.000000,-39.000000,nan,nan,nan,nan,nan
653,-99.000000,-41.000000,nan,nan,nan,nan,nan
654,-99.000000,-41.000000,-89.000000,nan,nan,nan,nan
655,-99.000000,-41.000000,-89.000000,nan,nan,nan,nan
656,-103.000000,-37.000000,-89.000000,nan,nan,nan,nan
657,-89.000000,-63.000000,nan,nan,nan,nan,nan
658,-91.000000,-63.000000,nan,nan,nan,nan,nan
659,-93.000000,-63.000000,nan,nan,nan,nan,nan
660,-93.000000,-63.000000,nan,nan,nan,nan,nan
661,-93.000000,-63.000000,nan,nan,nan,nan,nan
662,-91.000000,-63.000000,nan,nan,nan,nan,nan
663,-89.000000,-63.000000,nan,nan,nan,nan,nan
664,-89.000000,-63.000000,nan,nan,nan,nan,nan
665,-91.000000,-63.000000,nan,nan,nan,nan,nan
666,-93.000000,-63.000000,nan,nan,nan,nan,nan
667,-91.000000,-63.000000,nan,nan,nan,nan,nan
668,-91.000000,-63.000000,nan,nan,nan,nan,nan
669,-97.000000,-67.000000,nan,nan,nan,nan,nan
670,-97.000000,-67.000000,nan,nan,nan,nan,nan
671,-97.000000,-67.000000,nan,nan,nan,nan,nan
672,-97.000000,-67.000000,nan,nan,nan,nan,nan
673,-103.000000,-67.000000,nan,nan,nan,nan,nan
674,-87.000000,-111.000000,nan,nan,nan,nan,nan
675,-69.000000,-109.000000,nan,nan,nan,nan,nan
676,-69.000000,-109.000000,nan,nan,nan,nan,nan
677,-69.000000,-109.000000,nan,nan,nan,nan,nan
678,-63.000000,-107.000000,nan,nan,nan,nan,nan
679,-63.000000,-107.000000,nan,nan,nan,nan,nan
680,-65.000000,-109.000000,nan,nan,nan,nan,nan
681,-65.000000,-109.000000,nan,nan,nan,nan,nan
682,-67.000000,-107.000000,nan,nan,nan,nan,nan
683,-67.000000,-107.000000,nan,nan,nan,nan,nan
684,-67.000000,-107.000000,nan,nan,nan,nan,nan
685,-65.000000,-105.000000,nan,nan,nan,nan,nan
686,-65.000000,-105.000000,nan,nan,nan,nan,nan
687,-65.000000,-105.000000,nan,nan,nan,nan,nan
688,-67.000000,-105.000000,nan,nan,nan,nan,nan
689,-67.000000,-105.000000,nan,nan,nan,nan,nan
690,-67.000000,-105.000000,nan,nan,nan,nan,nan
691,-65.000000,-103.000000,nan,nan,nan,nan,nan
692,-65.000000,-103.000000,nan,nan,nan,nan,nan
693,-67.000000,-103.000000,nan,nan,nan,nan,nan
694,-67.000000,-103.000000,nan,nan,nan,nan,nan
695,-67.000000,-103.000000,nan,nan,nan,nan,nan
696,-67.000000,-103.000000,nan,nan,nan,nan,nan
697,-69.000000,-69.000000,nan,nan,nan,nan,nan
698,-69.000000,-67.000000,nan,nan,nan,nan,nan
699,-69.000000,-69.000000,nan,nan,nan,nan,nan
700,-69.000000,-71.000000,nan,nan,nan,nan,nan
701,-69.000000,-71.000000,nan,nan,nan,nan,nan
702,-69.000000,-69.000000,nan,nan,nan,nan,nan
703,-69.000000,-69.000000,nan,nan,nan,nan,nan
704,-67.000000,-69.000000,nan,nan,nan,nan,nan
705,-65.000000,-67.000000,nan,nan,nan,nan,nan
706,-65.000000,-67.000000,nan,nan,nan,nan,nan
707,-69.000000,-81.000000,nan,nan,nan,nan,nan
708,-69.000000,-81.000000,nan,nan,nan,nan,nan
709,-73.000000,-93.000000,nan,nan,nan,nan,nan
710,-73.000000,-93.000000,nan,nan,nan,nan,nan
711,-73.000000,-93.000000,nan,nan,nan,nan,nan
712,-67.000000,-97.000000,nan,nan,nan,nan,nan
713,-67.000000,-97.000000,nan,nan,nan,nan,nan
714,-69.000000,-101.000000,nan,nan,nan,nan,nan
715,-69.000000,-101.000000,nan,nan,nan,nan,nan
716,-69.000000,-101.000000,nan,nan,nan,nan,nan
717,-75.000000,-103.000000,nan,nan,nan,nan,nan
718,-75.000000,-103.000000,nan,nan,nan,nan,nan
719,-83.000000,-103.000000,nan,nan,nan,nan,nan
720,-83.000000,-109.000000,nan,nan,nan,nan,nan
721,-83.000000,-109.000000,nan,nan,nan,nan,nan
722,-85.000000,-109.000000,nan,nan,nan,nan,nan
723,-85.000000,-109.000000,nan,nan,nan,nan,nan
724,-85.000000,-109.000000,nan,nan,nan,nan,nan
725,-83.000000,-109.000000,nan,nan,nan,nan,nan
726,-83.000000,-109.000000,nan,nan,nan,nan,nan
727,-83.000000,-109.000000,nan,nan,nan,nan,nan
728,-67.000000,-89.000000,nan,nan,nan,nan,nan
729,-67.000000,-89.000000,nan,nan,nan,nan,nan
730,-67.000000,-89.000000,nan,nan,nan,nan,nan
731,-69.000000,-97.000000,nan,nan,nan,nan,nan
732,-69.000000,-97.000000,nan,nan,nan,nan,nan
733,-69.000000,-93.000000,nan,nan,nan,nan,nan
734,-69.000000,-93.000000,nan,nan,nan,nan,nan
735,-69.000000,-93.000000,nan,nan,nan,nan,nan
736,-63.000000,-83.000000,nan,nan,nan,nan,nan
737,-63.000000,-83.000000,nan,nan,nan,nan,nan
738,-59.000000,-73.000000,nan,nan,nan,nan,nan
739,-59.000000,-73.000000,nan,nan,nan,nan,nan
740,-59.000000,-73.000000,nan,nan,nan,nan,nan
741,-63.000000,-71.000000,nan,nan,nan,nan,nan
742,-63.000000,-71.000000,nan,nan,nan,nan,nan
743,-63.000000,-71.000000,nan,nan,nan,nan,nan
744,-71.000000,-89.000000,nan,nan,nan,nan,nan
745,-71.000000,-89.000000,nan,nan,nan,nan,nan
746,-71.000000,-89.000000,nan,nan,nan,nan,nan
747,-75.000000,-91.000000,nan,nan,nan,nan,nan
748,-75.000000,-91.000000,nan,nan,nan,nan,nan
749,-77.000000,-79.000000,nan,nan,nan,nan,nan
750,-77.000000,-79.000000,nan,nan,nan,nan,nan
751,-77.000000,-79.000000,nan,nan,nan,nan,nan
752,-79.000000,-73.000000,nan,nan,nan,nan,nan
753,-79.000000,-73.000000,nan,nan,nan,nan,nan
754,-79.000000,-73.000000,nan,nan,nan,nan,nan
755,-71.000000,-57.000000,nan,nan,nan,nan,nan
756,-71.000000,-57.000000,nan,nan,nan,nan,nan
757,-73.000000,-39.000000,nan,nan,nan,nan,nan
758,-73.000000,-39.000000,nan,nan,nan,nan,nan
759,-73.000000,-39.000000,nan,nan,nan,nan,nan
760,-71.000000,-33.000000,nan,nan,nan,nan,nan
761,-71.000000,-33.000000,nan,nan,nan,nan,nan
762,-75.000000,-33.000000,nan,nan,nan,nan,nan
763,-73.000000,-45.000000,nan,nan,nan,nan,nan
764,-69.000000,-47.000000,nan,nan,nan,nan,nan
765,-69.000000,-47.000000,nan,nan,nan,nan,nan
766,-67.000000,-53.000000,nan,nan,nan,nan,nan
767,-67.000000,-53.000000,nan,nan,nan,nan,nan
768,-67.000000,-53.000000,nan,nan,nan,nan,nan
769,-65.000000,-55.000000,nan,nan,nan,nan,nan
770,-65.000000,-55.000000,nan,nan,nan,nan,nan
771,-63.000000,-57.000000,nan,nan,nan,nan,nan
772,-63.000000,-57.000000,nan,nan,nan,nan,nan
773,-63.000000,-57.000000,nan,nan,nan,nan,nan
774,-67.000000,-63.000000,nan,nan,nan,nan,nan
775,-67.000000,-63.000000,nan,nan,nan,nan,nan
776,-67.000000,-63.000000,nan,nan,nan,nan,nan
777,-67.000000,-83.000000,nan,nan,nan,nan,nan
778,-67.000000,-83.000000,nan,nan,nan,nan,nan
779,-69.000000,-93.000000,nan,nan,nan,nan,nan
780,-69.000000,-93.000000,nan,nan,nan,nan,nan
781,-69.000000,-93.000000,nan,nan,nan,nan,nan
782,-71.000000,-95.000000,nan,nan,nan,nan,nan
783,-71.000000,-95.000000,nan,nan,nan,nan,nan
784,-73.000000,-103.000000,nan,nan,nan,nan,nan
785,-73.000000,-103.000000,nan,nan,nan,nan,nan
786,-73.000000,-103.000000,nan,nan,nan,nan,nan
787,-71.000000,-103.000000,nan,nan,nan,nan,nan
788,-71.000000,-103.000000,nan,nan,nan,nan,nan
789,-67.000000,-105.000000,nan,nan,nan,nan,nan
790,-67.000000,-105.000000,nan,nan,nan,nan,nan
791,-67.000000,-105.000000,nan,nan,nan,nan,nan
792,-65.000000,-107.000000,nan,nan,nan,nan,nan
793,-65.000000,-107.000000,nan,nan,nan,nan,nan
794,-65.000000,-107.000000,nan,nan,nan,nan,nan
795,-61.000000,-109.000000,nan,nan,nan,nan,nan
796,-61.000000,-109.000000,nan,nan,nan,nan,nan
797,-61.000000,-109.000000,nan,nan,nan,nan,nan
798,-61.000000,-109.000000,nan,nan,nan,nan,nan
799,-61.000000,-109.000000,nan,nan,nan,nan,nan
800,-61.000000,-109.000000,nan,nan,nan,nan,nan
801,-61.000000,-109.000000,nan,nan,nan,nan,nan
802,-83.000000,-91.000000,nan,nan,nan,nan,nan
803,-83.000000,-91.000000,nan,nan,nan,nan,nan
804,-83.000000,-91.000000,nan,nan,nan,nan,nan
805,-83.000000,-91.000000,nan,nan,nan,nan,nan
806,-83.000000,-91.000000,nan,nan,nan,nan,nan
807,-83.000000,-91.000000,nan,nan,nan,nan,nan
808,-83.000000,-91.000000,nan,nan,nan,nan,nan
809,-83.000000,-81.000000,nan,nan,nan,nan,nan
810,-83.000000,-81.000000,nan,nan,nan,nan,nan
811,-83.000000,-81.000000,nan,nan,nan,nan,nan
812,-87.000000,-85.000000,nan,nan,nan,nan,nan
813,-87.000000,-85.000000,nan,nan,nan,nan,nan
814,-87.000000,-85.000000,nan,nan,nan,nan,nan
815,-93.000000,-91.000000,nan,nan,nan,nan,nan
816,-93.000000,-91.000000,nan,nan,nan,nan,nan
817,-93.000000,-91.000000,nan,nan,nan,nan,nan
818,-99.000000,-93.000000,nan,nan,nan,nan,nan
819,-99.000000,-93.000000,nan,nan,nan,nan,nan
820,-103.000000,-95.000000,nan,nan,nan,nan,nan
821,-103.000000,-95.000000,nan,nan,nan,nan,nan
822,-103.000000,-95.000000,nan,nan,nan,nan,nan
823,-103.000000,-93.000000,nan,nan,nan,nan,nan
824,-101.000000,-105.000000,nan,nan,nan,nan,nan
825,-89.000000,-107.000000,nan,nan,nan,nan,nan
826,-89.000000,-103.000000,nan,nan,nan,nan,nan
827,-89.000000,-103.000000,nan,nan,nan,nan,nan
828,-85.000000,-103.000000,nan,nan,nan,nan,nan
829,-83.000000,-103.000000,nan,nan,nan,nan,nan
830,-83.000000,-103.000000,nan,nan,nan,nan,nan
831,-85.000000,-103.000000,nan,nan,nan,nan,nan
832,-85.000000,-103.000000,nan,nan,nan,nan,nan
833,-85.000000,-103.000000,nan,nan,nan,nan,nan
834,-65.000000,-103.000000,nan,nan,nan,nan,nan
835,-65.000000,-103.000000,nan,nan,nan,nan,nan
836,-65.000000,-99.000000,nan,nan,nan,nan,nan
837,-65.000000,-99.000000,nan,nan,nan,nan,nan
838,-65.000000,-99.000000,nan,nan,nan,nan,nan
839,-71.000000,-101.000000,nan,nan,nan,nan,nan
840,-71.000000,-101.000000,nan,nan,nan,nan,nan
841,-71.000000,-101.000000,nan,nan,nan,nan,nan
842,-75.000000,-95.000000,nan,nan,nan,nan,nan
843,-75.000000,-95.000000,nan,nan,nan,nan,nan
844,-79.000000,-97.000000,nan,nan,nan,nan,nan
845,-79.000000,-97.000000,nan,nan,nan,nan,nan
846,-79.000000,-97.000000,nan,nan,nan,nan,nan
847,-83.000000,-91.000000,nan,nan,nan,nan,nan
848,-83.000000,-91.000000,nan,nan,nan,nan,nan
849,-87.000000,-93.000000,nan,nan,nan,nan,nan
850,-87.000000,-93.000000,nan,nan,nan,nan,nan
851,-87.000000,-93.000000,nan,nan,nan,nan,nan
852,-83.000000,-87.000000,nan,nan,nan,nan,nan
853,-83.000000,-87.000000,nan,nan,nan,nan,nan
854,-75.000000,-83.000000,nan,nan,nan,nan,nan
855,-75.000000,-83.000000,nan,nan,nan,nan,nan
856,-75.000000,-83.000000,nan,nan,nan,nan,nan
857,-75.000000,-79.000000,nan,nan,nan,nan,nan
858,-75.000000,-79.000000,nan,nan,nan,nan,nan
859,-75.000000,-79.000000,nan,nan,nan,nan,nan
860,-77.000000,-75.000000,nan,nan,nan,nan,nan
861,-77.000000,-75.000000,nan,nan,nan,nan,nan
862,-81.000000,-77.000000,nan,nan,nan,nan,nan
863,-81.000000,-77.000000,nan,nan,nan,nan,nan
864,-81.000000,-75.000000,nan,nan,nan,nan,nan
865,-81.000000,-75.000000,nan,nan,nan,nan,nan
866,-81.000000,-75.000000,nan,nan,nan,nan,nan
867,-85.000000,-79.000000,nan,nan,nan,nan,nan
868,-85.000000,-5.000000,nan,nan,nan,nan,nan
869,-89.000000,-5.000000,nan,nan,nan,nan,nan
870,-89.000000,-5.000000,nan,nan,nan,nan,nan
871,-97.000000,-5.000000,nan,nan,nan,nan,nan
872,-99.000000,-5.000000,nan,nan,nan,nan,nan
873,-99.000000,21461.000000,-5.000000,-81.000000,nan,nan,nan
874,-103.000000,21461.000000,-5.000000,-67.000000,nan,nan,nan
875,-95.000000,21461.000000,-5.000000,-79.000000,nan,nan,nan
876,-91.000000,21461.000000,-5.000000,-75.000000,nan,nan,nan
877,-95.000000,21461.000000,-5.000000,-75.000000,nan,nan,nan
878,-93.000000,21461.000000,-5.000000,-75.000000,nan,nan,nan
879,-89.000000,21461.000000,-5.000000,-75.000000,nan,nan,nan
880,-89.000000,-5.000000,nan,nan,nan,nan,nan
881,-91.000000,-5.000000,nan,nan,nan,nan,nan
882,-89.000000,-5.000000,nan,nan,nan,nan,nan
883,-85.000000,-5.000000,nan,nan,nan,nan,nan
884,-81.000000,-5.000000,nan,nan,nan,nan,nan
885,-85.000000,-5.000000,nan,nan,nan,nan,nan
886,-93.000000,-5.000000,nan,nan,nan,nan,nan
887,-95.000000,-5.000000,nan,nan,nan,nan,nan
888,-97.000000,-5.000000,nan,nan,nan,nan,nan
889,-97.000000,-5.000000,nan,nan,nan,nan,nan
890,-97.000000,-5.000000,nan,nan,nan,nan,nan
891,-95.000000,-5.000000,nan,nan,nan,nan,nan
892,-99.000000,-5.000000,nan,nan,nan,nan,nan
893,-95.000000,-5.000000,nan,nan,nan,nan,nan
894,-99.000000,-5.000000,nan,nan,nan,nan,nan
895,-103.000000,21461.000000,-5.000000,-81.000000,nan,nan,nan
896,-103.000000,21461.000000,-5.000000,-81.000000,nan,nan,nan
897,-99.000000,21461.000000,-5.000000,-81.000000,nan,nan,nan
898,-99.000000,21461.000000,-5.000000,-81.000000,nan,nan,nan
899,-99.000000,-5.000000,nan,nan,nan,nan,nan
900,-87.000000,-5.000000,nan,nan,nan,nan,nan
901,-83.000000,-5.000000,nan,nan,nan,nan,nan
902,-83.000000,-5.000000,nan,nan,nan,nan,nan
903,-83.000000,-5.000000,nan,nan,nan,nan,nan
904,-85.000000,-5.000000,nan,nan,nan,nan,nan
905,-85.000000,-5.000000,nan,nan,nan,nan,nan
906,-81.000000,-5.000000,nan,nan,nan,nan,nan
907,-85.000000,-5.000000,nan,nan,nan,nan,nan
908,-79.000000,-5.000000,nan,nan,nan,nan,nan
909,-83.000000,-5.000000,nan,nan,nan,nan,nan
910,-89.000000,-5.000000,nan,nan,nan,nan,nan
911,-85.000000,-5.000000,nan,nan,nan,nan,nan
912,-87.000000,-5.000000,nan,nan,nan,nan,nan
913,-87.000000,-5.000000,nan,nan,nan,nan,nan
914,-91.000000,-5.000000,nan,nan,nan,nan,nan
915,-87.000000,-5.000000,nan,nan,nan,nan,nan
916,-89.000000,-5.000000,nan,nan,nan,nan,nan
917,-89.000000,-5.000000,nan,nan,nan,nan,nan
918,-89.000000,-5.000000,nan,nan,nan,nan,nan
919,-89.000000,-5.000000,nan,nan,nan,nan,nan
920,-89.000000,-5.000000,nan,nan,nan,nan,nan
921,-87.000000,-5.000000,nan,nan,nan,nan,nan
922,-83.000000,-5.000000,nan,nan,nan,nan,nan
923,-85.000000,-5.000000,nan,nan,nan,nan,nan
924,-85.000000,-5.000000,nan,nan,nan,nan,nan
925,-79.000000,-5.000000,nan,nan,nan,nan,nan
926,-77.000000,-5.000000,nan,nan,nan,nan,nan
927,-75.000000,-5.000000,nan,nan,nan,nan,nan
928,-91.000000,-5.000000,nan,nan,nan,nan,nan
929,-95.000000,-5.000000,nan,nan,nan,nan,nan
930,-95.000000,-5.000000,nan,nan,nan,nan,nan
931,-95.000000,-5.000000,nan,nan,nan,nan,nan
932,-95.000000,-5.000000,nan,nan,nan,nan,nan
933,-91.000000,-5.000000,nan,nan,nan,nan,nan
934,-95.000000,-5.000000,nan,nan,nan,nan,nan
935,-95.000000,21461.000000,-5.000000,-75.000000,nan,nan,nan
936,-97.000000,21461.000000,-5.000000,-75.000000,nan,nan,nan
937,-97.000000,21461.000000,-5.000000,-75.000000,nan,nan,nan
938,-89.000000,21461.000000,-5.000000,-75.000000,nan,nan,nan
939,-87.000000,21461.000000,-5.000000,-75.000000,nan,nan,nan
940,-93.000000,21461.000000,-5.000000,-75.000000,nan,nan,nan
941,-89.000000,21461.000000,-5.000000,-75.000000,nan,nan,nan
942,-89.000000,21511.000000,-5.000000,nan,nan,nan,nan
943,-93.000000,21511.000000,-5.000000,nan,nan,nan,nan
944,-87.000000,21511.000000,-5.000000,nan,nan,nan,nan
945,-87.000000,-111.000000,nan,nan,nan,nan,nan
946,-83.000000,-111.000000,nan,nan,nan,nan,nan
947,-81.000000,-111.000000,nan,nan,nan,nan,nan
948,-81.000000,-111.000000,nan,nan,nan,nan,nan
949,-83.000000,-111.000000,nan,nan,nan,nan,nan
950,-85.000000,-111.000000,nan,nan,nan,nan,nan
951,-89.000000,-111.000000,nan,nan,nan,nan,nan
952,-89.000000,-111.000000,nan,nan,nan,nan,nan
953,-89.000000,-111.000000,nan,nan,nan,nan,nan
954,-89.000000,-111.000000,nan,nan,nan,nan,nan
955,-89.000000,-111.000000,nan,nan,nan,nan,nan
956,-91.000000,-111.000000,nan,nan,nan,nan,nan
957,-93.000000,-111.000000,nan,nan,nan,nan,nan
958,-101.000000,21461.000000,-5.000000,nan,nan,nan,nan
959,-99.000000,21461.000000,-5.000000,nan,nan,nan,nan
960,-95.000000,-5.000000,nan,nan,nan,nan,nan
961,-93.000000,-5.000000,nan,nan,nan,nan,nan
962,-89.000000,-5.000000,nan,nan,nan,nan,nan
963,-85.000000,-5.000000,nan,nan,nan,nan,nan
964,-85.000000,-5.000000,nan,nan,nan,nan,nan
965,-83.000000,-5.000000,nan,nan,nan,nan,nan
966,-85.000000,-5.000000,nan,nan,nan,nan,nan
967,-77.000000,-5.000000,nan,nan,nan,nan,nan
968,-81.000000,-5.000000,nan,nan,nan,nan,nan
969,-87.000000,-5.000000,nan,nan,nan,nan,nan
970,-81.000000,-5.000000,nan,nan,nan,nan,nan
971,-81.000000,-5.000000,nan,nan,nan,nan,nan
972,-83.000000,-5.000000,nan,nan,nan,nan,nan
973,-81.000000,-5.000000,nan,nan,nan,nan,nan
974,-79.000000,-5.000000,nan,nan,nan,nan,nan
975,-79.000000,-5.000000,nan,nan,nan,nan,nan
976,-77.000000,-5.000000,nan,nan,nan,nan,nan
977,-81.000000,-5.000000,nan,nan,nan,nan,nan
978,-85.000000,-5.000000,nan,nan,nan,nan,nan
979,-85.000000,-5.000000,nan,nan,nan,nan,nan
980,-91.000000,21461.000000,-5.000000,-65.000000,nan,nan,nan
981,-91.000000,21461.000000,-5.000000,-87.000000,nan,nan,nan
982,-95.000000,21461.000000,-5.000000,-77.000000,nan,nan,nan
983,-95.000000,21461.000000,-5.000000,-77.000000,nan,nan,nan
984,-87.000000,21461.000000,309.000000,-49.000000,nan,nan,nan
985,-83.000000,21461.000000,309.000000,-49.000000,nan,nan,nan
986,-77.000000,21461.000000,309.000000,-49.000000,nan,nan,nan
987,-81.000000,21461.000000,309.000000,-49.000000,nan,nan,nan
988,-85.000000,21461.000000,309.000000,-49.000000,nan,nan,nan
989,-83.000000,21461.000000,309.000000,-49.000000,nan,nan,nan
990,-93.000000,21461.000000,309.000000,-69.000000,nan,nan,nan
991,-89.000000,-5.000000,nan,nan,nan,nan,nan
992,-89.000000,-5.000000,nan,nan,nan,nan,nan
993,-89.000000,-5.000000,nan,nan,nan,nan,nan
994,-93.000000,-5.000000,nan,nan,nan,nan,nan
995,-89.000000,21461.000000,-5.000000,-57.000000,nan,nan,nan
996,-95.000000,21461.000000,-5.000000,nan,nan,nan,nan
997,-93.000000,21461.000000,-5.000000,nan,nan,nan,nan
998,-93.000000,21461.000000,-5.000000,nan,nan,nan,nan
999,-91.000000,21461.000000,-5.000000,nan,nan,nan,nan
1000,-89.000000,21461.000000,-5.000000,nan,nan,nan,nan
1001,-89.000000,21461.000000,-5.000000,nan,nan,nan,nan
1002,-93.000000,21461.000000,-5.000000,nan,nan,nan,nan
1003,-85.000000,21461.000000,-5.000000,nan,nan,nan,nan
1004,-91.000000,21461.000000,-5.000000,nan,nan,nan,nan
1005,-95.000000,-5.000000,nan,nan,nan,nan,nan
1006,-95.000000,-5.000000,nan,nan,nan,nan,nan
1007,-95.000000,-5.000000,nan,nan,nan,nan,nan
1008,-95.000000,-5.000000,nan,nan,nan,nan,nan
1009,-97.000000,-5.000000,nan,nan,nan,nan,nan
1010,-95.000000,21461.000000,-5.000000,nan,nan,nan,nan
1011,-97.000000,21461.000000,-5.000000,nan,nan,nan,nan
1012,-99.000000,21461.000000,-5.000000,nan,nan,nan,nan
1013,-93.000000,21461.000000,-5.000000,nan,nan,nan,nan
1014,-89.000000,21461.000000,-5.000000,nan,nan,nan,nan
1015,-89.000000,21461.000000,-5.000000,nan,nan,nan,nan
1016,-85.000000,21461.000000,-5.000000,nan,nan,nan,nan
1017,-83.000000,-5.000000,nan,nan,nan,nan,nan
1018,-77.000000,-5.000000,nan,nan,nan,nan,nan
1019,-77.000000,-5.000000,nan,nan,nan,nan,nan
1020,-85.000000,-5.000000,nan,nan,nan,nan,nan
1021,-87.000000,-5.000000,nan,nan,nan,nan,nan
1022,-89.000000,-5.000000,nan,nan,nan,nan,nan
1023,-85.000000,-5.000000,nan,nan,nan,nan,nan
1024,-85.000000,-5.000000,nan,nan,nan,nan,nan
1025,-87.000000,-5.000000,nan,nan,nan,nan,nan
1026,-85.000000,-5.000000,nan,nan,nan,nan,nan
1027,-83.000000,-5.000000,nan,nan,nan,nan,nan
1028,-85.000000,-5.000000,nan,nan,nan,nan,nan
1029,-83.000000,-5.000000,nan,nan,nan,nan,nan
1030,-89.000000,-5.000000,nan,nan,nan,nan,nan
1031,-93.000000,-5.000000,nan,nan,nan,nan,nan
1032,-93.000000,21461.000000,-5.000000,nan,nan,nan,nan
1033,-95.000000,21461.000000,-5.000000,nan,nan,nan,nan
1034,-99.000000,21511.000000,-5.000000,-91.000000,nan,nan,nan
1035,-93.000000,21511.000000,-5.000000,-87.000000,nan,nan,nan
1036,-95.000000,21511.000000,-5.000000,-75.000000,nan,nan,nan
1037,-91.000000,21511.000000,-5.000000,-81.000000,nan,nan,nan
1038,-91.000000,21511.000000,-5.000000,-81.000000,nan,nan,nan
1039,-87.000000,21511.000000,-5.000000,-81.000000,nan,nan,nan
1040,-87.000000,21511.000000,-5.000000,-75.000000,nan,nan,nan
1041,-81.000000,21511.000000,-5.000000,-67.000000,nan,nan,nan
1042,-85.000000,21511.000000,-5.000000,-79.000000,nan,nan,nan
1043,-89.000000,21511.000000,-5.000000,nan,nan,nan,nan
1044,-95.000000,21511.000000,327.000000,-5.000000,-93.000000,nan,nan
1045,-93.000000,21511.000000,327.000000,-5.000000,-87.000000,nan,nan
1046,-91.000000,21511.000000,-5.000000,nan,nan,nan,nan
1047,-91.000000,21511.000000,-5.000000,nan,nan,nan,nan
1048,-91.000000,21511.000000,-5.000000,nan,nan,nan,nan
1049,-91.000000,21511.000000,-5.000000,nan,nan,nan,nan
1050,-93.000000,21511.000000,-5.000000,nan,nan,nan,nan
1051,-95.000000,21511.000000,327.000000,-5.000000,-85.000000,nan,nan
1052,-97.000000,21511.000000,327.000000,-5.000000,-83.000000,nan,nan
1053,-97.000000,21511.000000,-5.000000,nan,nan,nan,nan
1054,-97.000000,21511.000000,327.000000,-5.000000,-87.000000,nan,nan
1055,-97.000000,21511.000000,327.000000,-5.000000,-87.000000,nan,nan
1056,-93.000000,21511.000000,327.000000,-5.000000,-87.000000,nan,nan
1057,-93.000000,21511.000000,-5.000000,-85.000000,nan,nan,nan
1058,-95.000000,21511.000000,21461.000000,375.000000,-5.000000,-83.000000,nan
1059,-93.000000,21511.000000,21461.000000,375.000000,-5.000000,-77.000000,nan
1060,-91.000000,21511.000000,21461.000000,375.000000,-5.000000,-85.000000,nan
1061,-89.000000,21511.000000,21461.000000,375.000000,-5.000000,-67.000000,nan
1062,-79.000000,21511.000000,21461.000000,375.000000,-5.000000,-75.000000,nan
1063,-87.000000,21511.000000,21461.000000,375.000000,-5.000000,-97.000000,nan
1064,-91.000000,21511.000000,21461.000000,375.000000,-5.000000,-97.000000,nan
1065,-89.000000,21511.000000,21461.000000,375.000000,-5.000000,-95.000000,nan
1066,-89.000000,21511.000000,21461.000000,375.000000,-5.000000,-95.000000,nan
1067,-89.000000,21511.000000,21461.000000,375.000000,-5.000000,-95.000000,nan
1068,-89.000000,21511.000000,21461.000000,375.000000,-5.000000,-95.000000,nan
1069,-91.000000,21511.000000,21461.000000,375.000000,-5.000000,-95.000000,nan
1070,-91.000000,21511.000000,-5.000000,nan,nan,nan,nan
1071,-93.000000,21511.000000,-5.000000,nan,nan,nan,nan
1072,-93.000000,21511.000000,-5.000000,nan,nan,nan,nan
1073,-97.000000,21511.000000,327.000000,-5.000000,-89.000000,nan,nan
1074,-93.000000,21511.000000,327.000000,-5.000000,-91.000000,nan,nan
1075,-97.000000,21461.000000,-63.000000,-111.000000,nan,nan,nan
1076,-99.000000,21511.000000,309.000000,125.000000,-99.000000,nan,nan
1077,-95.000000,21511.000000,309.000000,125.000000,-95.000000,nan,nan
1078,-91.000000,21511.000000,309.000000,125.000000,-93.000000,nan,nan
1079,-93.000000,21511.000000,309.000000,125.000000,-95.000000,nan,nan
1080,-89.000000,21511.000000,309.000000,125.000000,-87.000000,nan,nan
1081,-91.000000,21461.000000,309.000000,-71.000000,nan,nan,nan
1082,-91.000000,21461.000000,309.000000,-71.000000,nan,nan,nan
1083,-93.000000,21461.000000,309.000000,-71.000000,nan,nan,nan
1084,-93.000000,21461.000000,309.000000,-61.000000,nan,nan,nan
1085,-95.000000,21461.000000,309.000000,-69.000000,nan,nan,nan
1086,-93.000000,21461.000000,309.000000,-75.000000,nan,nan,nan
1087,-91.000000,21461.000000,309.000000,-65.000000,nan,nan,nan
1088,-93.000000,21461.000000,309.000000,-55.000000,nan,nan,nan
1089,-91.000000,21461.000000,309.000000,-55.000000,nan,nan,nan
1090,-91.000000,21461.000000,309.000000,-63.000000,nan,nan,nan
1091,-91.000000,21461.000000,309.000000,-79.000000,nan,nan,nan
1092,-91.000000,21461.000000,309.000000,-69.000000,nan,nan,nan
1093,-89.000000,21461.000000,309.000000,-69.000000,nan,nan,nan
1094,-89.000000,21461.000000,309.000000,-69.000000,nan,nan,nan
1095,-93.000000,21461.000000,309.000000,-69.000000,nan,nan,nan
1096,-93.000000,21461.000000,309.000000,-69.000000,nan,nan,nan
1097,-87.000000,21461.000000,309.000000,-69.000000,nan,nan,nan
1098,-97.000000,21461.000000,309.000000,-85.000000,nan,nan,nan
1099,-97.000000,21461.000000,309.000000,-83.000000,nan,nan,nan
1100,-97.000000,21461.000000,309.000000,-81.000000,nan,nan,nan
1101,-97.000000,21461.000000,309.000000,-75.000000,nan,nan,nan
1102,-95.000000,21461.000000,309.000000,-71.000000,nan,nan,nan
1103,-95.000000,21461.000000,309.000000,-71.000000,nan,nan,nan
1104,-95.000000,21461.000000,309.000000,-79.000000,nan,nan,nan
1105,-97.000000,21461.000000,309.000000,-81.000000,nan,nan,nan
1106,-97.000000,21461.000000,309.000000,-87.000000,nan,nan,nan
1107,-97.000000,-5.000000,nan,nan,nan,nan,nan
1108,-93.000000,-5.000000,nan,nan,nan,nan,nan
1109,-91.000000,-5.000000,nan,nan,nan,nan,nan
1110,-95.000000,-5.000000,nan,nan,nan,nan,nan
1111,-89.000000,-5.000000,nan,nan,nan,nan,nan
1112,-89.000000,-5.000000,nan,nan,nan,nan,nan
1113,-97.000000,-5.000000,nan,nan,nan,nan,nan
